movie_id,title,overview,rating,popularity,release_date,poster_path,genre_ids,genres,combined_features,imdb_link
1226863,The Super Mario Galaxy Movie,"Having thwarted Bowser's previous plot to marry Princess Peach, Mario and Luigi now face a fresh threat in Bowser Jr., who is determined to liberate his father from captivity and restore the family legacy. Alongside companions new and old, the brothers travel across the stars to stop the young heir's crusade.",6.7,455.6196,2026-04-01,/eJGWx219ZcEMVQJhAgMiqo8tYY.jpg,"[10751, 35, 12, 14, 16]",Family Comedy Adventure Fantasy Animation,"The Super Mario Galaxy Movie Having thwarted Bowser's previous plot to marry Princess Peach, Mario and Luigi now face a fresh threat in Bowser Jr., who is determined to liberate his father from captivity and restore the family legacy. Alongside companions new and old, the brothers travel across the stars to stop the young heir's crusade. Family Comedy Adventure Fantasy Animation",https://www.themoviedb.org/movie/1226863
1007757,Swapped,"A small woodland creature and a majestic bird, two natural sworn enemies of the Valley, magically trade places and set off on an adventure of a lifetime to switch back. Their journey soon uncovers a greater threat—one that could endanger not only their species, but the entire valley they call home.",8.882,475.4302,2026-05-01,/tHhxWxge06goXU6ZQH1hj7vK8Hd.jpg,"[12, 16, 10751, 14]",Adventure Animation Family Fantasy,"Swapped A small woodland creature and a majestic bird, two natural sworn enemies of the Valley, magically trade places and set off on an adventure of a lifetime to switch back. Their journey soon uncovers a greater threat—one that could endanger not only their species, but the entire valley they call home. Adventure Animation Family Fantasy",https://www.themoviedb.org/movie/1007757
1318447,Apex,A grieving woman pushing her limits on a solo adventure in the Australian wild is ensnared in a twisted game with a cunning killer who thinks she's prey.,6.554,356.4896,2026-04-24,/eTp7gSPkSF3Aw79mNx1NkBP1PZT.jpg,"[28, 53]",Action Thriller,Apex A grieving woman pushing her limits on a solo adventure in the Australian wild is ensnared in a twisted game with a cunning killer who thinks she's prey. Action Thriller,https://www.themoviedb.org/movie/1318447
10867,Malena,"12-year-old Renato experiences three significant events on the same day: the beginning of the Second World War, getting a bike, and witnessing the arrival of the gorgeous Malèna. Through his eyes, we see the curse of beauty and loneliness of Malena, whose husband is presumed dead, and, through his soul, we see his love for her.",7.431,197.6598,2000-10-27,/3OyQTl0IGkbnjDxd3MhztfPE34g.jpg,[18],Drama,"Malena 12-year-old Renato experiences three significant events on the same day: the beginning of the Second World War, getting a bike, and witnessing the arrival of the gorgeous Malèna. Through his eyes, we see the curse of beauty and loneliness of Malena, whose husband is presumed dead, and, through his soul, we see his love for her. Drama",https://www.themoviedb.org/movie/10867
1198994,Send Help,"Two colleagues become stranded on a deserted island, the only survivors of a plane crash. On the island, they must overcome past grievances and work together to survive, but ultimately, it's a battle of wills and wits to make it out alive.",7.022,271.4875,2026-01-22,/mjkS2iAgWj3ik1DTjvI15nHZ7yl.jpg,"[27, 53, 35]",Horror Thriller Comedy,"Send Help Two colleagues become stranded on a deserted island, the only survivors of a plane crash. On the island, they must overcome past grievances and work together to survive, but ultimately, it's a battle of wills and wits to make it out alive. Horror Thriller Comedy",https://www.themoviedb.org/movie/1198994
350,The Devil Wears Prada,"A young woman from the Midwest gets more than she bargained for when she moves to New York to become a writer and ends up as the assistant to the tyrannical, larger-than-life editor-in-chief of a major fashion magazine.",7.397,297.0386,2006-06-29,/8912AsVuS7Sj915apArUFbv6F9L.jpg,"[18, 35]",Drama Comedy,"The Devil Wears Prada A young woman from the Midwest gets more than she bargained for when she moves to New York to become a writer and ends up as the assistant to the tyrannical, larger-than-life editor-in-chief of a major fashion magazine. Drama Comedy",https://www.themoviedb.org/movie/350
687163,Project Hail Mary,"Science teacher Ryland Grace wakes up on a spaceship light years from home with no recollection of who he is or how he got there. As his memory returns, he begins to uncover his mission: solve the riddle of the mysterious substance causing the sun to die out. He must call on his scientific knowledge and unorthodox ideas to save everything on Earth from extinction.",8.205,230.3248,2026-03-15,/yihdXomYb5kTeSivtFndMy5iDmf.jpg,"[878, 12]",Science Fiction Adventure,"Project Hail Mary Science teacher Ryland Grace wakes up on a spaceship light years from home with no recollection of who he is or how he got there. As his memory returns, he begins to uncover his mission: solve the riddle of the mysterious substance causing the sun to die out. He must call on his scientific knowledge and unorthodox ideas to save everything on Earth from extinction. Science Fiction Adventure",https://www.themoviedb.org/movie/687163
931285,Mortal Kombat II,"The fan favorite champions—now joined by Johnny Cage himself—are pitted against one another in the ultimate, no-holds barred, gory battle to defeat the dark rule of Shao Kahn that threatens the very existence of the Earthrealm and its defenders.",7.182,224.6327,2026-05-06,/lIsMeDbwntNXSUVHmWMMRXEZOVc.jpg,"[28, 14, 12]",Action Fantasy Adventure,"Mortal Kombat II The fan favorite champions—now joined by Johnny Cage himself—are pitted against one another in the ultimate, no-holds barred, gory battle to defeat the dark rule of Shao Kahn that threatens the very existence of the Earthrealm and its defenders. Action Fantasy Adventure",https://www.themoviedb.org/movie/931285
1266127,Ready or Not 2: Here I Come,"Moments after surviving an all-out attack from the Le Domas family, Grace discovers she’s reached the next level of the nightmarish game — and this time with her estranged sister Faith at her side. Grace has one chance to survive, keep her sister alive, and claim the High Seat of the Council that controls the world. Four rival families are hunting her for the throne, and whoever wins rules it all.",7.428,198.5451,2026-03-19,/13ZcJzSGEqVgDSqsS9U5EkQwPkV.jpg,"[27, 35]",Horror Comedy,"Ready or Not 2: Here I Come Moments after surviving an all-out attack from the Le Domas family, Grace discovers she’s reached the next level of the nightmarish game — and this time with her estranged sister Faith at her side. Grace has one chance to survive, keep her sister alive, and claim the High Seat of the Council that controls the world. Four rival families are hunting her for the throne, and whoever wins rules it all. Horror Comedy",https://www.themoviedb.org/movie/1266127
1523145,Your Heart Will Be Broken,"High school student Polina is saved from bullying at her new school and makes a deal with the main bully Bars: he must pretend to be her boyfriend and protect her, and she must do everything he says. During this game, the couple develops real feelings, but her family and classmates have reasons to separate the lovers.",6.9,254.1731,2026-03-26,/7wIBfBl2gejt6xHxNSK0reVIm7E.jpg,"[10749, 18]",Romance Drama,"Your Heart Will Be Broken High school student Polina is saved from bullying at her new school and makes a deal with the main bully Bars: he must pretend to be her boyfriend and protect her, and she must do everything he says. During this game, the couple develops real feelings, but her family and classmates have reasons to separate the lovers. Romance Drama",https://www.themoviedb.org/movie/1523145
936075,Michael,"The story of Michael Jackson, one of the most influential artists the world has ever known, and his life beyond the music. His journey from the discovery of his extraordinary talent as the lead of the Jackson Five, to the visionary artist whose creative ambition fueled a relentless pursuit to become the biggest entertainer in the world, highlighting both his life off-stage and some of the most iconic performances from his early solo career.",7.6,182.5212,2026-04-22,/3Qud19bBUrrJAzy0Ilm8gRJlJXP.jpg,"[10402, 18]",Music Drama,"Michael The story of Michael Jackson, one of the most influential artists the world has ever known, and his life beyond the music. His journey from the discovery of his extraordinary talent as the lead of the Jackson Five, to the visionary artist whose creative ambition fueled a relentless pursuit to become the biggest entertainer in the world, highlighting both his life off-stage and some of the most iconic performances from his early solo career. Music Drama",https://www.themoviedb.org/movie/936075
1327819,Hoppers,"Scientists have discovered how to 'hop' human consciousness into lifelike robotic animals, allowing people to communicate with animals as animals. Animal lover Mabel seizes an opportunity to use the technology, uncovering mysteries within the animal world beyond anything she could have imagined.",7.9,176.3884,2026-03-04,/xjtWQ2CL1mpmMNwuU5HeS4Iuwuu.jpg,"[16, 12, 35, 10751, 878]",Animation Adventure Comedy Family Science Fiction,"Hoppers Scientists have discovered how to 'hop' human consciousness into lifelike robotic animals, allowing people to communicate with animals as animals. Animal lover Mabel seizes an opportunity to use the technology, uncovering mysteries within the animal world beyond anything she could have imagined. Animation Adventure Comedy Family Science Fiction",https://www.themoviedb.org/movie/1327819
1669050,Tayuan 2,"A charming bus conductor drawn to both men and women who feels an unexpected spark with a shy commuter. On crowded bus rides where bodies brush, desire grows and love becomes messy.",3.7,152.0087,2026-04-17,/gkHNa8q3RNhgj2EMuoYWJUHsMa6.jpg,[18],Drama,"Tayuan 2 A charming bus conductor drawn to both men and women who feels an unexpected spark with a shy commuter. On crowded bus rides where bodies brush, desire grows and love becomes messy. Drama",https://www.themoviedb.org/movie/1669050
1630423,My Dearest Assassin,"Hunted for her rare blood type, a caged woman vows to fight alongside the assassin she loves to protect their future when an old enemy resurfaces.",6.763,197.476,2026-05-06,/ul4dQcA68mtSx8J56N5gEcaCCtP.jpg,"[28, 18, 10749]",Action Drama Romance,"My Dearest Assassin Hunted for her rare blood type, a caged woman vows to fight alongside the assassin she loves to protect their future when an old enemy resurfaces. Action Drama Romance",https://www.themoviedb.org/movie/1630423
83533,Avatar: Fire and Ash,"In the wake of the devastating war against the RDA and the loss of their eldest son, Jake Sully and Neytiri face a new threat on Pandora: the Ash People, a violent and power-hungry Na'vi tribe led by the ruthless Varang. Jake's family must fight for their survival and the future of Pandora in a conflict that pushes them to their emotional and physical limits.",7.404,180.0314,2025-12-17,/aabwWZWx6z1aYP4PX2ADvbDKktd.jpg,"[878, 12, 14]",Science Fiction Adventure Fantasy,"Avatar: Fire and Ash In the wake of the devastating war against the RDA and the loss of their eldest son, Jake Sully and Neytiri face a new threat on Pandora: the Ash People, a violent and power-hungry Na'vi tribe led by the ruthless Varang. Jake's family must fight for their survival and the future of Pandora in a conflict that pushes them to their emotional and physical limits. Science Fiction Adventure Fantasy",https://www.themoviedb.org/movie/83533
318256,Hot Girls Wanted,A first-ever look at the realities of the professional “amateur” porn world and the steady stream of 18-to-19-year old girls entering into it.,6.085,202.065,2015-01-24,/75ot83QOkc02vujyzmIbumQCU6Y.jpg,[99],Documentary,Hot Girls Wanted A first-ever look at the realities of the professional “amateur” porn world and the steady stream of 18-to-19-year old girls entering into it. Documentary,https://www.themoviedb.org/movie/318256
1330021,Remarkably Bright Creatures,"Through unlikely bonds formed during night shifts at a local aquarium, Tova, an elderly widow, learns of a life-changing discovery that may bring her joy and wonder once again.",8.0,137.5899,2026-05-07,/9HcEqn3D4J6b2Z0jK54id9nA0fr.jpg,"[18, 9648]",Drama Mystery,"Remarkably Bright Creatures Through unlikely bonds formed during night shifts at a local aquarium, Tova, an elderly widow, learns of a life-changing discovery that may bring her joy and wonder once again. Drama Mystery",https://www.themoviedb.org/movie/1330021
1314481,The Devil Wears Prada 2,"Andy Sachs returns to Runway as Miranda Priestly navigates a new media landscape and Runway's position within. The duo reconnect with former assistant Emily Charlton, now the head of a luxury brand that possesses funding which could ensure Runway's survival.",6.775,129.3275,2026-04-29,/xTI42pmsP5EDnvsNJPEDubwWBQO.jpg,"[35, 18]",Comedy Drama,"The Devil Wears Prada 2 Andy Sachs returns to Runway as Miranda Priestly navigates a new media landscape and Runway's position within. The duo reconnect with former assistant Emily Charlton, now the head of a luxury brand that possesses funding which could ensure Runway's survival. Comedy Drama",https://www.themoviedb.org/movie/1314481
1613798,Vengeance,"The brutal murder of the wife of “Toro,” a military hero in the special forces, turns him into a man with a single purpose: revenge. After a stroke of fate makes him a millionaire, Carlos transforms his fortune into an arsenal and, together with his closest soldiers, sets out to hunt down those responsible.",7.081,136.0887,2026-02-26,/ygWXPL0RS91JyJPNOfK34eV3bRE.jpg,"[28, 53]",Action Thriller,"Vengeance The brutal murder of the wife of “Toro,” a military hero in the special forces, turns him into a man with a single purpose: revenge. After a stroke of fate makes him a millionaire, Carlos transforms his fortune into an arsenal and, together with his closest soldiers, sets out to hunt down those responsible. Action Thriller",https://www.themoviedb.org/movie/1613798
1292695,They Will Kill You,"A woman answers a help wanted ad to be a housekeeper in a mysterious New York City high-rise, unaware that she is entering a community that has seen a number of disappearances over the years and may be under the grip of a Satanic cult.",6.79,130.6048,2026-03-25,/6oI4oQKTWMVUlr8Ivqydp28Ruu6.jpg,"[28, 35, 27]",Action Comedy Horror,"They Will Kill You A woman answers a help wanted ad to be a housekeeper in a mysterious New York City high-rise, unaware that she is entering a community that has seen a number of disappearances over the years and may be under the grip of a Satanic cult. Action Comedy Horror",https://www.themoviedb.org/movie/1292695
